model,true_class,samples,correct,class_recall,status
baseline,negative,3972,3204.0,0.8066465256797583,native
baseline,neutral,5937,3904.0,0.6575711638874853,native
baseline,positive,2375,1759.0,0.7406315789473684,native
production,negative,3972,2160.0,0.5438066465256798,provisional_mapping
production,neutral,5937,,,not_supported
production,positive,2375,1242.0,0.5229473684210526,provisional_mapping
bertweet,negative,3972,3186.0,0.8021148036253777,native
bertweet,neutral,5937,3865.0,0.6510021896580764,native
bertweet,positive,2375,1796.0,0.7562105263157894,native
xlm_roberta,negative,3972,3453.0,0.8693353474320241,native
xlm_roberta,neutral,5937,3263.0,0.549604177193869,native
xlm_roberta,positive,2375,1661.0,0.6993684210526315,native
