protocol,model,metadata,slice,samples,negative_support,neutral_support,positive_support,accuracy,macro_f1,negative_recall,small_slice
three_class,baseline,has_emoji,no,11475,3785,5670,2020,0.7201742919389978,0.7184850839704168,0.8068692206076619,False
three_class,baseline,has_emoji,yes,809,187,267,355,0.7453646477132262,0.7245643508404273,0.8021390374331551,False
three_class,baseline,has_contrast,no,11573,3675,5629,2269,0.7234079322561133,0.7255130792783815,0.8043537414965987,False
three_class,baseline,has_contrast,yes,711,297,308,106,0.6962025316455697,0.6927048444061851,0.835016835016835,False
three_class,baseline,has_negation,no,10217,2954,5091,2172,0.7266320837819321,0.7276890742719203,0.7850372376438727,False
three_class,baseline,has_negation,yes,2067,1018,846,203,0.6981132075471698,0.679240620864738,0.869351669941061,False
three_class,baseline,has_repeated_chars,no,12152,3923,5891,2338,0.7216919025674786,0.7236708374626001,0.8065256181493755,False
three_class,baseline,has_repeated_chars,yes,132,49,46,37,0.7348484848484849,0.7347510695642591,0.8163265306122449,False
three_class,baseline,text_length_bin,short,4409,872,2494,1043,0.7282830573826264,0.7155800638157949,0.75,False
three_class,baseline,text_length_bin,medium,4422,1442,2159,821,0.7168701944821347,0.7178917563010813,0.8072122052704577,False
three_class,baseline,text_length_bin,long,3453,1658,1284,511,0.719953663481031,0.7121056938164959,0.8359469240048251,False
three_class,baseline,uppercase_ratio,none,622,244,282,96,0.7170418006430869,0.7136236706515694,0.8360655737704918,False
three_class,baseline,uppercase_ratio,low,7428,2756,3312,1360,0.7195745826602046,0.7247534161654198,0.8222060957910015,False
three_class,baseline,uppercase_ratio,high,4234,972,2343,919,0.7264997638167218,0.7161140594378174,0.7551440329218106,False
three_class,bertweet,has_emoji,no,11475,3785,5670,2020,0.7186928104575163,0.7168224695339268,0.8023778071334214,False
three_class,bertweet,has_emoji,yes,809,187,267,355,0.7416563658838071,0.7267216117216116,0.7967914438502673,False
three_class,bertweet,has_contrast,no,11573,3675,5629,2269,0.7214205478268383,0.723113426393986,0.8024489795918367,False
three_class,bertweet,has_contrast,yes,711,297,308,106,0.70042194092827,0.6973853479103224,0.797979797979798,False
three_class,bertweet,has_negation,no,10217,2954,5091,2172,0.7248703141822452,0.7265489409693496,0.7904536222071767,False
three_class,bertweet,has_negation,yes,2067,1018,846,203,0.6971456216739236,0.673500629496993,0.8359528487229863,False
three_class,bertweet,has_repeated_chars,no,12152,3923,5891,2338,0.7198815009874918,0.7213998928548807,0.8014274789701759,False
three_class,bertweet,has_repeated_chars,yes,132,49,46,37,0.75,0.7442726437332694,0.8571428571428571,False
three_class,bertweet,text_length_bin,short,4409,872,2494,1043,0.7255613517804491,0.7155053287538933,0.7649082568807339,False
three_class,bertweet,text_length_bin,medium,4422,1442,2159,821,0.7150610583446404,0.7151157400985838,0.8044382801664355,False
three_class,bertweet,text_length_bin,long,3453,1658,1284,511,0.719953663481031,0.7118847402196491,0.8196622436670687,False
three_class,bertweet,uppercase_ratio,none,622,244,282,96,0.729903536977492,0.718163552984184,0.8278688524590164,False
three_class,bertweet,uppercase_ratio,low,7428,2756,3312,1360,0.7198438341410878,0.72378558156636,0.8105950653120464,False
three_class,bertweet,uppercase_ratio,high,4234,972,2343,919,0.7194142654700048,0.7120217839232471,0.7716049382716049,False
three_class,xlm_roberta,has_emoji,no,11475,3785,5670,2020,0.6809586056644881,0.6796381168700285,0.871334214002642,False
three_class,xlm_roberta,has_emoji,yes,809,187,267,355,0.695920889987639,0.6748555284035952,0.8288770053475936,False
three_class,xlm_roberta,has_contrast,no,11573,3675,5629,2269,0.6849563639505746,0.6873119055243206,0.8682993197278912,False
three_class,xlm_roberta,has_contrast,yes,711,297,308,106,0.6329113924050633,0.6219503071132952,0.8821548821548821,False
three_class,xlm_roberta,has_negation,no,10217,2954,5091,2172,0.6897327982773809,0.6928945650472392,0.8540961408259986,False
three_class,xlm_roberta,has_negation,yes,2067,1018,846,203,0.6434446057087566,0.5980057798457187,0.9135559921414538,False
three_class,xlm_roberta,has_repeated_chars,no,12152,3923,5891,2338,0.6817807768268598,0.6837911439365448,0.8705072648483304,False
three_class,xlm_roberta,has_repeated_chars,yes,132,49,46,37,0.696969696969697,0.6948586752673475,0.7755102040816326,False
three_class,xlm_roberta,text_length_bin,short,4409,872,2494,1043,0.6795191653436153,0.6740215477055379,0.823394495412844,False
three_class,xlm_roberta,text_length_bin,medium,4422,1442,2159,821,0.6845318860244234,0.6864959034632342,0.8654646324549237,False
three_class,xlm_roberta,text_length_bin,long,3453,1658,1284,511,0.6817260353315957,0.6502563628499956,0.8968636911942099,False
three_class,xlm_roberta,uppercase_ratio,none,622,244,282,96,0.6832797427652733,0.6786116988274755,0.8647540983606558,False
three_class,xlm_roberta,uppercase_ratio,low,7428,2756,3312,1360,0.6742057081313947,0.6735905076628855,0.8820754716981132,False
three_class,xlm_roberta,uppercase_ratio,high,4234,972,2343,919,0.6953235710911667,0.6885941463603308,0.8343621399176955,False
